{
  "llm": "mistral",
  "category": "few_shot/translation_question",
  "round": 2,
  "avg_bleu_score": 9.162076090331961,
  "avg_chrF_score": 33.315030262454854,
  "avg_ter_test": 121.42857142857142,
  "avg_bert_score_f1": 0.8602452158927918,
  "sample_count": 5
}