{
  "llm": "mistral",
  "category": "few_shot/translation_question",
  "round": 4,
  "avg_bleu_score": 13.466571252788436,
  "avg_chrF_score": 47.77610159753014,
  "avg_ter_test": 76.0,
  "avg_bert_score_f1": 0.8976346254348755,
  "sample_count": 5
}