{
  "llm": "mistral",
  "category": "few_shot/translation_question",
  "round": 1,
  "avg_bleu_score": 6.81246696285684,
  "avg_chrF_score": 21.445450410069427,
  "avg_ter_test": 208.0,
  "avg_bert_score_f1": 0.8563609719276428,
  "sample_count": 5
}