LLM,BLEU,chrF,TER,BERT_F1
llama3_1b,4.531513835951524,11.561598660406762,129.05131497575107,0.8005631094773611
llama3_8b,18.148554268109784,38.91456903381946,111.02558454911839,0.8604549538294475
mistral,18.951809377198856,42.257269511866305,177.30499932259332,0.8453672012488047
phi3_14b,20.095544021099133,41.60729455209977,166.96890669619992,0.8523848400115966
phi3_8b,11.27087601855353,33.8654468723408,458.8035623385247,0.8440463177363078
qwen_14b,29.297235358614138,50.25286063169744,93.05321101621853,0.8726940591335296
