{
  "llm": "phi3_8b",
  "category": "few_shot/word_question",
  "round": 4,
  "avg_bleu_score": 8.56327582943327,
  "avg_chrF_score": 37.835264533335305,
  "avg_ter_test": 120.0,
  "avg_bert_score_f1": 0.8972262382507324,
  "sample_count": 10
}