{
  "llm": "claude3.5",
  "category": "few_shot/translation_question",
  "round": 1,
  "avg_bleu_score": 25.64559498636105,
  "avg_chrF_score": 29.837533886585312,
  "avg_ter_test": 100.0,
  "avg_bert_score_f1": 0.9006201505661011,
  "sample_count": 5
}