{
  "llm": "claude3.5",
  "category": "few_shot/translation_question",
  "round": 4,
  "avg_bleu_score": 31.674833395102986,
  "avg_chrF_score": 49.879452264197475,
  "avg_ter_test": 54.0,
  "avg_bert_score_f1": 0.9267342209815979,
  "sample_count": 5
}