{
  "llm": "mistral",
  "category": "few_shot/word_question",
  "round": 1,
  "avg_bleu_score": 1.9721354342834734,
  "avg_chrF_score": 27.80992625359775,
  "avg_ter_test": 226.66666666666669,
  "avg_bert_score_f1": 0.8415807127952576,
  "sample_count": 10
}