{
  "llm": "mistral",
  "category": "few_shot/word_question",
  "round": 4,
  "avg_bleu_score": 18.669250998359832,
  "avg_chrF_score": 37.18489491150914,
  "avg_ter_test": 233.33333333333334,
  "avg_bert_score_f1": 0.861700177192688,
  "sample_count": 10
}