{
  "llm": "mistral",
  "category": "few_shot/word_question",
  "round": 5,
  "avg_bleu_score": 46.765211192779184,
  "avg_chrF_score": 66.2999490321453,
  "avg_ter_test": 234.66666666666666,
  "avg_bert_score_f1": 0.8987061142921448,
  "sample_count": 10
}