{
  "llm": "qwen_14b",
  "category": "gramatical_induction",
  "round": 3,
  "avg_bleu_score": 23.192497291316872,
  "avg_chrF_score": 47.09908474569615,
  "avg_ter_test": 92.88888888888889,
  "avg_bert_score_f1": 0.8902756094932556,
  "sample_count": 5
}