{
  "llm": "gpt5",
  "category": "few_shot/translation_question",
  "round": 1,
  "avg_bleu_score": 24.441335914745405,
  "avg_chrF_score": 31.155297767813163,
  "avg_ter_test": 79.0,
  "avg_bert_score_f1": 0.9146366715431213,
  "sample_count": 5
}