{
  "llm": "llama3_1b",
  "category": "few_shot/word_question",
  "round": 3,
  "avg_bleu_score": 4.3489638013612035,
  "avg_chrF_score": 20.31108532132562,
  "avg_ter_test": 176.66666666666669,
  "avg_bert_score_f1": 0.8248415410518646,
  "sample_count": 10
}