{
  "llm": "llama3_1b",
  "category": "few_shot/word_question",
  "round": 1,
  "avg_bleu_score": 1.104479556707894,
  "avg_chrF_score": 15.068021290160436,
  "avg_ter_test": 150.0,
  "avg_bert_score_f1": 0.8757671296596528,
  "sample_count": 10
}