{
  "llm": "gpt5",
  "category": "few_shot/word_question",
  "round": 4,
  "avg_bleu_score": 35.000000000000014,
  "avg_chrF_score": 52.06539667259784,
  "avg_ter_test": 96.66666666666666,
  "avg_bert_score_f1": 0.9121438145637513,
  "sample_count": 10
}