{
  "llm": "gpt5",
  "category": "few_shot/word_question",
  "round": 2,
  "avg_bleu_score": 21.430400452459953,
  "avg_chrF_score": 32.483453930372534,
  "avg_ter_test": 167.33333333333331,
  "avg_bert_score_f1": 0.8984995365142823,
  "sample_count": 10
}