{
  "llm": "llama3_8b",
  "category": "few_shot/word_question",
  "round": 5,
  "avg_bleu_score": 27.91056475283811,
  "avg_chrF_score": 58.92029845445993,
  "avg_ter_test": 37.0,
  "avg_bert_score_f1": 0.9273583233356476,
  "sample_count": 10
}