{
  "llm": "llama3_8b",
  "category": "few_shot/word_question",
  "round": 2,
  "avg_bleu_score": 10.262796171040844,
  "avg_chrF_score": 37.87119339846523,
  "avg_ter_test": 160.66666666666669,
  "avg_bert_score_f1": 0.9147014379501343,
  "sample_count": 10
}