{
  "llm": "llama3_8b",
  "category": "few_shot/word_question",
  "round": 3,
  "avg_bleu_score": 0.0,
  "avg_chrF_score": 43.9579719006016,
  "avg_ter_test": 73.33333333333333,
  "avg_bert_score_f1": 0.89610356092453,
  "sample_count": 10
}