{
  "llm": "gemini2.5",
  "category": "few_shot/word_question",
  "round": 5,
  "avg_bleu_score": 70.00000000000003,
  "avg_chrF_score": 73.72257497615634,
  "avg_ter_test": 49.33333333333333,
  "avg_bert_score_f1": 0.9556058585643769,
  "sample_count": 10
}