{
  "llm": "llama3_1b",
  "category": "gramatical_induction",
  "round": 2,
  "avg_bleu_score": 10.216872812251157,
  "avg_chrF_score": 11.561883425890752,
  "avg_ter_test": 75.55555555555556,
  "avg_bert_score_f1": 0.8615836381912232,
  "sample_count": 5
}