{
  "llm": "llama3_1b",
  "category": "gramatical_induction",
  "round": 4,
  "avg_bleu_score": 7.161556934907862,
  "avg_chrF_score": 5.995012619004883,
  "avg_ter_test": 92.32323232323232,
  "avg_bert_score_f1": 0.8414282083511353,
  "sample_count": 5
}