{
  "llm": "phi3_8b",
  "category": "gramatical_induction",
  "round": 3,
  "avg_bleu_score": 20.556173375537117,
  "avg_chrF_score": 35.25253703021093,
  "avg_ter_test": 410.0,
  "avg_bert_score_f1": 0.8740899324417114,
  "sample_count": 5
}