{
  "llm": "gemini2.5",
  "category": "few_shot/translation_question",
  "round": 2,
  "avg_bleu_score": 23.632783650244285,
  "avg_chrF_score": 38.74985771752723,
  "avg_ter_test": 59.42857142857142,
  "avg_bert_score_f1": 0.8885512113571167,
  "sample_count": 5
}