{
  "llm": "qwen_14b",
  "category": "few_shot/word_question",
  "round": 3,
  "avg_bleu_score": 37.751606040745536,
  "avg_chrF_score": 60.60425123169267,
  "avg_ter_test": 90.0,
  "avg_bert_score_f1": 0.9242180049419403,
  "sample_count": 10
}