{
  "llm": "gpt5",
  "category": "morphological_induction",
  "round": 1,
  "avg_bleu_score": 47.846735003783145,
  "avg_chrF_score": 69.10695071956388,
  "avg_ter_test": 110.01587301587301,
  "avg_bert_score_f1": 0.909864600499471,
  "sample_count": 15
}