{
  "llm": "phi3_14b",
  "category": "few_shot/word_question",
  "round": 5,
  "avg_bleu_score": 42.40723150637366,
  "avg_chrF_score": 62.78291586240324,
  "avg_ter_test": 171.66666666666669,
  "avg_bert_score_f1": 0.8964948654174805,
  "sample_count": 10
}