{
  "llm": "phi3_14b",
  "category": "few_shot/word_question",
  "round": 2,
  "avg_bleu_score": 8.56327582943327,
  "avg_chrF_score": 29.349296422897858,
  "avg_ter_test": 193.33333333333331,
  "avg_bert_score_f1": 0.8757514297962189,
  "sample_count": 10
}