{
  "llm": "mistral",
  "category": "gramatical_induction",
  "round": 5,
  "avg_bleu_score": 4.872676596418956,
  "avg_chrF_score": 33.791390237428786,
  "avg_ter_test": 171.11316753422017,
  "avg_bert_score_f1": 0.8742153763771057,
  "sample_count": 5
}