{
  "llm": "mistral",
  "category": "gramatical_induction",
  "round": 3,
  "avg_bleu_score": 30.257702017215962,
  "avg_chrF_score": 59.27211983660501,
  "avg_ter_test": 161.77777777777777,
  "avg_bert_score_f1": 0.9117477178573609,
  "sample_count": 5
}