{
  "llm": "mistral",
  "category": "gramatical_induction",
  "round": 2,
  "avg_bleu_score": 13.904892204326071,
  "avg_chrF_score": 43.329091285799656,
  "avg_ter_test": 225.66666666666666,
  "avg_bert_score_f1": 0.8720562934875489,
  "sample_count": 5
}