{
  "llm": "claude3.5",
  "category": "few_shot/word_question",
  "round": 1,
  "avg_bleu_score": 15.61368009727519,
  "avg_chrF_score": 48.87039605884151,
  "avg_ter_test": 233.33333333333334,
  "avg_bert_score_f1": 0.8734793782234191,
  "sample_count": 10
}