{
  "llm": "phi3_14b",
  "category": "few_shot/translation_question",
  "round": 3,
  "avg_bleu_score": 15.266229059777464,
  "avg_chrF_score": 34.174767973922236,
  "avg_ter_test": 112.42857142857142,
  "avg_bert_score_f1": 0.8934869885444641,
  "sample_count": 5
}