{
  "llm": "phi3_14b",
  "category": "few_shot/translation_question",
  "round": 5,
  "avg_bleu_score": 12.258979616790958,
  "avg_chrF_score": 38.147731530246816,
  "avg_ter_test": 105.0,
  "avg_bert_score_f1": 0.8892276525497437,
  "sample_count": 5
}