{
  "llm": "llama3_8b",
  "category": "few_shot/translation_question",
  "round": 4,
  "avg_bleu_score": 15.338375958704868,
  "avg_chrF_score": 25.08127824896402,
  "avg_ter_test": 93.33333333333334,
  "avg_bert_score_f1": 0.8595120668411255,
  "sample_count": 5
}